<?xml version="1.0" encoding="UTF-8"?>
<!DOCTYPE why3session PUBLIC "-//Why3//proof session v5//EN"
"http://why3.lri.fr/why3session.dtd">
<why3session shape_version="4">
<prover id="0" name="CVC4" version="1.7" timelimit="5" steplimit="0" memlimit="1000"/>
<file name="theorems.why" expanded="true">
<theory name="Task1_2" sum="a6774ada6ea90e0858eea142dc28809f" expanded="true">
 <goal name="start_section" expl="" expanded="true">
 <proof prover="0"><result status="valid" time="0.02" steps="275"/></proof>
 </goal>
 <goal name="section_halt" expl="" expanded="true">
 <proof prover="0"><result status="valid" time="0.02" steps="743"/></proof>
 </goal>
 <goal name="section_section" expl="" expanded="true">
 <proof prover="0"><result status="valid" time="0.01" steps="634"/></proof>
 </goal>
</theory>
</file>
</why3session>
