<?xml version="1.0" encoding="UTF-8"?>
<!DOCTYPE why3session PUBLIC "-//Why3//proof session v5//EN"
"http://why3.lri.fr/why3session.dtd">
<why3session shape_version="4">
<prover id="0" name="CVC4" version="1.7" timelimit="5" steplimit="0" memlimit="1000"/>
<file name="../theorems.why" expanded="true">
<theory name="Task1_1" sum="32d6b5b2ce36dbedd38639a0e8640d13" expanded="true">
 <goal name="p1t1_part" expl="" expanded="true">
 <proof prover="0"><result status="valid" time="0.02" steps="866"/></proof>
 </goal>
 <goal name="p1t2_part" expl="" expanded="true">
 <proof prover="0"><result status="valid" time="0.02" steps="863"/></proof>
 </goal>
 <goal name="p2t1_part" expl="" expanded="true">
 <proof prover="0"><result status="valid" time="0.02" steps="1138"/></proof>
 </goal>
 <goal name="p2t2_part" expl="" expanded="true">
 <proof prover="0"><result status="valid" time="0.01" steps="1123"/></proof>
 </goal>
 <goal name="p1t1_full" expl="" expanded="true">
 <proof prover="0"><result status="valid" time="0.02" steps="872"/></proof>
 </goal>
 <goal name="p2t1_full" expl="" expanded="true">
 <proof prover="0"><result status="valid" time="0.01" steps="1108"/></proof>
 </goal>
 <goal name="p2t2_full" expl="" expanded="true">
 <proof prover="0"><result status="valid" time="0.02" steps="1249"/></proof>
 </goal>
</theory>
</file>
</why3session>
