<?xml version="1.0" encoding="UTF-8"?>
<!DOCTYPE why3session PUBLIC "-//Why3//proof session v5//EN"
"http://why3.lri.fr/why3session.dtd">
<why3session shape_version="4">
<prover id="0" name="Alt-Ergo" version="2.4.1" timelimit="5" steplimit="0" memlimit="1000"/>
<file name="../module.mlw" expanded="true">
<theory name="Task21" sum="92d8bdad0d3d08054e38966d6c1368a3" expanded="true">
 <goal name="WP_parameter provement" expl="VC for provement" expanded="true">
 <proof prover="0"><result status="valid" time="0.03" steps="308"/></proof>
 </goal>
</theory>
</file>
</why3session>
